"LOCATION","INDICATOR","SUBJECT","MEASURE","FREQUENCY","TIME","Value","Flag Codes"
"AUS","HHSAV","TOT","PC_HHDI","A","1970",14.8189782153655,
"AUS","HHSAV","TOT","PC_HHDI","A","1971",14.9811162400336,
"AUS","HHSAV","TOT","PC_HHDI","A","1972",17.0521999877608,
"AUS","HHSAV","TOT","PC_HHDI","A","1973",18.816933983609,
"AUS","HHSAV","TOT","PC_HHDI","A","1974",18.0399423512456,
"AUS","HHSAV","TOT","PC_HHDI","A","1975",16.5928052390778,
"AUS","HHSAV","TOT","PC_HHDI","A","1976",15.3238203189292,
"AUS","HHSAV","TOT","PC_HHDI","A","1977",14.4793895708976,
"AUS","HHSAV","TOT","PC_HHDI","A","1978",15.8738695918648,
"AUS","HHSAV","TOT","PC_HHDI","A","1979",15.1684253246753,
"AUS","HHSAV","TOT","PC_HHDI","A","1980",15.0565042067009,
"AUS","HHSAV","TOT","PC_HHDI","A","1981",14.3228374514388,
"AUS","HHSAV","TOT","PC_HHDI","A","1982",11.8847293124094,
"AUS","HHSAV","TOT","PC_HHDI","A","1983",13.8002045105948,
"AUS","HHSAV","TOT","PC_HHDI","A","1984",14.3057762423108,
"AUS","HHSAV","TOT","PC_HHDI","A","1985",11.5696952901912,
"AUS","HHSAV","TOT","PC_HHDI","A","1986",8.93628948622362,
"AUS","HHSAV","TOT","PC_HHDI","A","1987",7.87586313114459,
"AUS","HHSAV","TOT","PC_HHDI","A","1988",8.69081491208871,
"AUS","HHSAV","TOT","PC_HHDI","A","1989",8.65973548921377,
"AUS","HHSAV","TOT","PC_HHDI","A","1990",7.66969004233245,
"AUS","HHSAV","TOT","PC_HHDI","A","1991",5.8366362096091,
"AUS","HHSAV","TOT","PC_HHDI","A","1992",6.08159955196253,
"AUS","HHSAV","TOT","PC_HHDI","A","1993",6.00218299363993,
"AUS","HHSAV","TOT","PC_HHDI","A","1994",4.71866973636932,
"AUS","HHSAV","TOT","PC_HHDI","A","1995",4.77353039678739,
"AUS","HHSAV","TOT","PC_HHDI","A","1996",6.31139438469142,
"AUS","HHSAV","TOT","PC_HHDI","A","1997",3.37379257571475,
"AUS","HHSAV","TOT","PC_HHDI","A","1998",0.890078956402334,
"AUS","HHSAV","TOT","PC_HHDI","A","1999",0.431265026769069,
"AUS","HHSAV","TOT","PC_HHDI","A","2000",1.69895302880596,
"AUS","HHSAV","TOT","PC_HHDI","A","2001",2.79851326898539,
"AUS","HHSAV","TOT","PC_HHDI","A","2002",-1.27407804376294,
"AUS","HHSAV","TOT","PC_HHDI","A","2003",-0.705365565207597,
"AUS","HHSAV","TOT","PC_HHDI","A","2004",0.343268712171151,
"AUS","HHSAV","TOT","PC_HHDI","A","2005",-0.729743958225137,
"AUS","HHSAV","TOT","PC_HHDI","A","2006",-0.104477078411428,
"AUS","HHSAV","TOT","PC_HHDI","A","2007",1.04567903801092,
"AUS","HHSAV","TOT","PC_HHDI","A","2008",7.71166455961786,
"AUS","HHSAV","TOT","PC_HHDI","A","2009",5.73157969535277,
"AUS","HHSAV","TOT","PC_HHDI","A","2010",7.34146230470949,
"AUS","HHSAV","TOT","PC_HHDI","A","2011",7.87991582567769,
"AUS","HHSAV","TOT","PC_HHDI","A","2012",6.46858704104764,
"AUS","HHSAV","TOT","PC_HHDI","A","2013",7.32380377071877,
"AUS","HHSAV","TOT","PC_HHDI","A","2014",7.52994905954542,
"AUS","HHSAV","TOT","PC_HHDI","A","2015",6.00615129758227,
"AUS","HHSAV","TOT","PC_HHDI","A","2016",5.36146090788372,
"AUS","HHSAV","TOT","PC_HHDI","A","2017",4.76235752852199,
"AUS","HHSAV","TOT","PC_HHDI","A","2018",5.45643468330371,
"AUS","HHSAV","TOT","PC_HHDI","A","2019",12.3265659642916,
"AUS","HHSAV","TOT","PC_HHDI","A","2020",15.2231519281759,
"AUT","HHSAV","TOT","PC_HHDI","A","1995",14.650994839099,
"AUT","HHSAV","TOT","PC_HHDI","A","1996",11.9397096028179,
"AUT","HHSAV","TOT","PC_HHDI","A","1997",10.4232014998011,
"AUT","HHSAV","TOT","PC_HHDI","A","1998",10.3455205595328,
"AUT","HHSAV","TOT","PC_HHDI","A","1999",11.8836299861695,
"AUT","HHSAV","TOT","PC_HHDI","A","2000",10.6323620101249,
"AUT","HHSAV","TOT","PC_HHDI","A","2001",9.02211155348111,
"AUT","HHSAV","TOT","PC_HHDI","A","2002",9.40017464120189,
"AUT","HHSAV","TOT","PC_HHDI","A","2003",9.64812925464156,
"AUT","HHSAV","TOT","PC_HHDI","A","2004",9.52426830502389,
"AUT","HHSAV","TOT","PC_HHDI","A","2005",11.13639539683,
"AUT","HHSAV","TOT","PC_HHDI","A","2006",11.6196364290299,
"AUT","HHSAV","TOT","PC_HHDI","A","2007",12.4123757309681,
"AUT","HHSAV","TOT","PC_HHDI","A","2008",12.3545290786405,
"AUT","HHSAV","TOT","PC_HHDI","A","2009",11.3985751349722,
"AUT","HHSAV","TOT","PC_HHDI","A","2010",9.59183079078251,
"AUT","HHSAV","TOT","PC_HHDI","A","2011",7.88123256906157,
"AUT","HHSAV","TOT","PC_HHDI","A","2012",8.86254800930253,
"AUT","HHSAV","TOT","PC_HHDI","A","2013",7.1132177811741,
"AUT","HHSAV","TOT","PC_HHDI","A","2014",7.29640193215769,
"AUT","HHSAV","TOT","PC_HHDI","A","2015",6.73666489091466,
"AUT","HHSAV","TOT","PC_HHDI","A","2016",7.82043162856032,
"AUT","HHSAV","TOT","PC_HHDI","A","2017",7.51743208247045,
"AUT","HHSAV","TOT","PC_HHDI","A","2018",7.68967087437273,
"AUT","HHSAV","TOT","PC_HHDI","A","2019",8.51419143505312,
"AUT","HHSAV","TOT","PC_HHDI","A","2020",14.4489119704399,
"BEL","HHSAV","TOT","PC_HHDI","A","1995",15.7816829984655,
"BEL","HHSAV","TOT","PC_HHDI","A","1996",13.9413996820441,
"BEL","HHSAV","TOT","PC_HHDI","A","1997",13.2444221631539,
"BEL","HHSAV","TOT","PC_HHDI","A","1998",12.4370026454443,
"BEL","HHSAV","TOT","PC_HHDI","A","1999",12.6831695432863,
"BEL","HHSAV","TOT","PC_HHDI","A","2000",11.4500313948214,
"BEL","HHSAV","TOT","PC_HHDI","A","2001",12.8730581728916,
"BEL","HHSAV","TOT","PC_HHDI","A","2002",12.4527919501222,
"BEL","HHSAV","TOT","PC_HHDI","A","2003",11.7697100076919,
"BEL","HHSAV","TOT","PC_HHDI","A","2004",10.4816073186544,
"BEL","HHSAV","TOT","PC_HHDI","A","2005",10.184735710472,
"BEL","HHSAV","TOT","PC_HHDI","A","2006",10.8563264890247,
"BEL","HHSAV","TOT","PC_HHDI","A","2007",11.2380743262931,
"BEL","HHSAV","TOT","PC_HHDI","A","2008",11.8859658436826,
"BEL","HHSAV","TOT","PC_HHDI","A","2009",12.1672894977989,
"BEL","HHSAV","TOT","PC_HHDI","A","2010",9.25756707954232,
"BEL","HHSAV","TOT","PC_HHDI","A","2011",8.34967775438769,
"BEL","HHSAV","TOT","PC_HHDI","A","2012",7.86810855002538,
"BEL","HHSAV","TOT","PC_HHDI","A","2013",6.57913642488806,
"BEL","HHSAV","TOT","PC_HHDI","A","2014",6.40555612582685,
"BEL","HHSAV","TOT","PC_HHDI","A","2015",5.52605837659284,
"BEL","HHSAV","TOT","PC_HHDI","A","2016",5.44057453029431,
"BEL","HHSAV","TOT","PC_HHDI","A","2017",5.36902382661816,
"BEL","HHSAV","TOT","PC_HHDI","A","2018",4.69984837392031,
"BEL","HHSAV","TOT","PC_HHDI","A","2019",5.56207643374261,
"BEL","HHSAV","TOT","PC_HHDI","A","2020",13.8519502031849,"E"
"CZE","HHSAV","TOT","PC_HHDI","A","1995",6.34931916939027,
"CZE","HHSAV","TOT","PC_HHDI","A","1996",7.04938405292659,
"CZE","HHSAV","TOT","PC_HHDI","A","1997",7.31035180780538,
"CZE","HHSAV","TOT","PC_HHDI","A","1998",6.03117401237168,
"CZE","HHSAV","TOT","PC_HHDI","A","1999",5.49960508792164,
"CZE","HHSAV","TOT","PC_HHDI","A","2000",6.48168238791948,
"CZE","HHSAV","TOT","PC_HHDI","A","2001",6.93044651245185,
"CZE","HHSAV","TOT","PC_HHDI","A","2002",6.96089979464835,
"CZE","HHSAV","TOT","PC_HHDI","A","2003",6.31213596106279,
"CZE","HHSAV","TOT","PC_HHDI","A","2004",5.66194780013413,
"CZE","HHSAV","TOT","PC_HHDI","A","2005",6.97904019615391,
"CZE","HHSAV","TOT","PC_HHDI","A","2006",8.43295923579189,
"CZE","HHSAV","TOT","PC_HHDI","A","2007",7.61800188736505,
"CZE","HHSAV","TOT","PC_HHDI","A","2008",6.85456634738407,
"CZE","HHSAV","TOT","PC_HHDI","A","2009",8.72970485877937,
"CZE","HHSAV","TOT","PC_HHDI","A","2010",7.98127183327891,
"CZE","HHSAV","TOT","PC_HHDI","A","2011",6.59414103220359,
"CZE","HHSAV","TOT","PC_HHDI","A","2012",6.88682196687488,
"CZE","HHSAV","TOT","PC_HHDI","A","2013",6.36126235767105,
"CZE","HHSAV","TOT","PC_HHDI","A","2014",7.39601591868682,
"CZE","HHSAV","TOT","PC_HHDI","A","2015",7.03628095686602,
"CZE","HHSAV","TOT","PC_HHDI","A","2016",6.28056491151251,
"CZE","HHSAV","TOT","PC_HHDI","A","2017",6.99996694847575,
"CZE","HHSAV","TOT","PC_HHDI","A","2018",7.54181385332665,
"CZE","HHSAV","TOT","PC_HHDI","A","2019",8.53656726487653,
"CZE","HHSAV","TOT","PC_HHDI","A","2020",16.8842637805991,
"DNK","HHSAV","TOT","PC_HHDI","A","1995",-0.711369612350653,
"DNK","HHSAV","TOT","PC_HHDI","A","1996",-2.21361652244421,
"DNK","HHSAV","TOT","PC_HHDI","A","1997",-5.09062401316031,
"DNK","HHSAV","TOT","PC_HHDI","A","1998",-3.51860265535868,
"DNK","HHSAV","TOT","PC_HHDI","A","1999",-7.01429276202366,
"DNK","HHSAV","TOT","PC_HHDI","A","2000",-5.69394234805096,
"DNK","HHSAV","TOT","PC_HHDI","A","2001",0.353706451643008,
"DNK","HHSAV","TOT","PC_HHDI","A","2002",1.41226024194005,
"DNK","HHSAV","TOT","PC_HHDI","A","2003",2.18458283978477,
"DNK","HHSAV","TOT","PC_HHDI","A","2004",-1.9064146898567,
"DNK","HHSAV","TOT","PC_HHDI","A","2005",-4.2727235207528,
"DNK","HHSAV","TOT","PC_HHDI","A","2006",-1.52567575825474,
"DNK","HHSAV","TOT","PC_HHDI","A","2007",-3.0338951750161,
"DNK","HHSAV","TOT","PC_HHDI","A","2008",-4.09924316599746,
"DNK","HHSAV","TOT","PC_HHDI","A","2009",0.65682460998064,
"DNK","HHSAV","TOT","PC_HHDI","A","2010",1.83706415835001,
"DNK","HHSAV","TOT","PC_HHDI","A","2011",0.79963499067298,
"DNK","HHSAV","TOT","PC_HHDI","A","2012",0.122214384216133,
"DNK","HHSAV","TOT","PC_HHDI","A","2013",2.33988684162496,
"DNK","HHSAV","TOT","PC_HHDI","A","2014",-2.89805753605089,
"DNK","HHSAV","TOT","PC_HHDI","A","2015",3.90863198381378,
"DNK","HHSAV","TOT","PC_HHDI","A","2016",5.61316419164871,
"DNK","HHSAV","TOT","PC_HHDI","A","2017",6.03360309966319,
"DNK","HHSAV","TOT","PC_HHDI","A","2018",5.42460099433151,
"DNK","HHSAV","TOT","PC_HHDI","A","2019",3.55607394004562,
"DNK","HHSAV","TOT","PC_HHDI","A","2020",5.76045627376426,
"FIN","HHSAV","TOT","PC_HHDI","A","1980",2.4467906820848,
"FIN","HHSAV","TOT","PC_HHDI","A","1981",1.55758574209975,
"FIN","HHSAV","TOT","PC_HHDI","A","1982",1.8256107102495,
"FIN","HHSAV","TOT","PC_HHDI","A","1983",3.37489417378588,
"FIN","HHSAV","TOT","PC_HHDI","A","1984",1.82643543639394,
"FIN","HHSAV","TOT","PC_HHDI","A","1985",1.24397551126742,
"FIN","HHSAV","TOT","PC_HHDI","A","1986",0.125225252741211,
"FIN","HHSAV","TOT","PC_HHDI","A","1987",0.911999102031653,
"FIN","HHSAV","TOT","PC_HHDI","A","1988",-2.15978192493185,
"FIN","HHSAV","TOT","PC_HHDI","A","1989",-0.573065902578797,
"FIN","HHSAV","TOT","PC_HHDI","A","1990",1.90459775067867,
"FIN","HHSAV","TOT","PC_HHDI","A","1991",6.97145387929299,
"FIN","HHSAV","TOT","PC_HHDI","A","1992",9.38699592385927,
"FIN","HHSAV","TOT","PC_HHDI","A","1993",6.84555634015939,
"FIN","HHSAV","TOT","PC_HHDI","A","1994",0.740894901144641,
"FIN","HHSAV","TOT","PC_HHDI","A","1995",3.94958304643868,
"FIN","HHSAV","TOT","PC_HHDI","A","1996",0.359787157492094,
"FIN","HHSAV","TOT","PC_HHDI","A","1997",2.10225569213947,
"FIN","HHSAV","TOT","PC_HHDI","A","1998",0.715185091916394,
"FIN","HHSAV","TOT","PC_HHDI","A","1999",2.79428598309629,
"FIN","HHSAV","TOT","PC_HHDI","A","2000",2.63346470798997,
"FIN","HHSAV","TOT","PC_HHDI","A","2001",1.88458520579214,
"FIN","HHSAV","TOT","PC_HHDI","A","2002",2.01310157136801,
"FIN","HHSAV","TOT","PC_HHDI","A","2003",1.52645817269365,
"FIN","HHSAV","TOT","PC_HHDI","A","2004",2.45377398402309,
"FIN","HHSAV","TOT","PC_HHDI","A","2005",0.508738620320335,
"FIN","HHSAV","TOT","PC_HHDI","A","2006",-1.02983954208501,
"FIN","HHSAV","TOT","PC_HHDI","A","2007",-0.703710270845339,
"FIN","HHSAV","TOT","PC_HHDI","A","2008",-0.40659352174961,
"FIN","HHSAV","TOT","PC_HHDI","A","2009",3.29088348741811,
"FIN","HHSAV","TOT","PC_HHDI","A","2010",3.26677347504982,
"FIN","HHSAV","TOT","PC_HHDI","A","2011",1.05282947922542,
"FIN","HHSAV","TOT","PC_HHDI","A","2012",0.35219987342817,
"FIN","HHSAV","TOT","PC_HHDI","A","2013",0.94750686696431,
"FIN","HHSAV","TOT","PC_HHDI","A","2014",-0.002659574468085,
"FIN","HHSAV","TOT","PC_HHDI","A","2015",-0.464174781000244,
"FIN","HHSAV","TOT","PC_HHDI","A","2016",-1.38896038159949,
"FIN","HHSAV","TOT","PC_HHDI","A","2017",-0.933818840822902,
"FIN","HHSAV","TOT","PC_HHDI","A","2018",-0.841313881679048,
"FIN","HHSAV","TOT","PC_HHDI","A","2019",0.552521074732422,
"FIN","HHSAV","TOT","PC_HHDI","A","2020",4.76385842551244,
"FRA","HHSAV","TOT","PC_HHDI","A","1978",15.506456729606,
"FRA","HHSAV","TOT","PC_HHDI","A","1979",13.0713829004355,
"FRA","HHSAV","TOT","PC_HHDI","A","1980",12.0176025272505,
"FRA","HHSAV","TOT","PC_HHDI","A","1981",11.6592743737613,
"FRA","HHSAV","TOT","PC_HHDI","A","1982",10.8668299398907,
"FRA","HHSAV","TOT","PC_HHDI","A","1983",10.0790324128884,
"FRA","HHSAV","TOT","PC_HHDI","A","1984",8.68202137013797,
"FRA","HHSAV","TOT","PC_HHDI","A","1985",7.87262738764588,
"FRA","HHSAV","TOT","PC_HHDI","A","1986",7.11760637865105,
"FRA","HHSAV","TOT","PC_HHDI","A","1987",5.54947835565244,
"FRA","HHSAV","TOT","PC_HHDI","A","1988",5.51372233636846,
"FRA","HHSAV","TOT","PC_HHDI","A","1989",5.82535883123784,
"FRA","HHSAV","TOT","PC_HHDI","A","1990",7.12003257719117,
"FRA","HHSAV","TOT","PC_HHDI","A","1991",7.46820574321048,
"FRA","HHSAV","TOT","PC_HHDI","A","1992",8.76276964648261,
"FRA","HHSAV","TOT","PC_HHDI","A","1993",9.41149842205767,
"FRA","HHSAV","TOT","PC_HHDI","A","1994",8.49471371726213,
"FRA","HHSAV","TOT","PC_HHDI","A","1995",9.08877634667609,
"FRA","HHSAV","TOT","PC_HHDI","A","1996",8.44374593827504,
"FRA","HHSAV","TOT","PC_HHDI","A","1997",9.45560778194813,
"FRA","HHSAV","TOT","PC_HHDI","A","1998",8.95172715074734,
"FRA","HHSAV","TOT","PC_HHDI","A","1999",8.69509194698097,
"FRA","HHSAV","TOT","PC_HHDI","A","2000",8.67369758635164,
"FRA","HHSAV","TOT","PC_HHDI","A","2001",9.37004316562427,
"FRA","HHSAV","TOT","PC_HHDI","A","2002",10.3908705553662,
"FRA","HHSAV","TOT","PC_HHDI","A","2003",9.59870818067074,
"FRA","HHSAV","TOT","PC_HHDI","A","2004",9.64876657288932,
"FRA","HHSAV","TOT","PC_HHDI","A","2005",8.50187080402661,
"FRA","HHSAV","TOT","PC_HHDI","A","2006",9.04619142592186,
"FRA","HHSAV","TOT","PC_HHDI","A","2007",9.43227066733218,
"FRA","HHSAV","TOT","PC_HHDI","A","2008",9.25110721597067,
"FRA","HHSAV","TOT","PC_HHDI","A","2009",10.5942921936619,
"FRA","HHSAV","TOT","PC_HHDI","A","2010",10.4531314479273,
"FRA","HHSAV","TOT","PC_HHDI","A","2011",9.94334367788653,
"FRA","HHSAV","TOT","PC_HHDI","A","2012",9.99733843178511,
"FRA","HHSAV","TOT","PC_HHDI","A","2013",8.5215837152381,
"FRA","HHSAV","TOT","PC_HHDI","A","2014",8.85563975396751,
"FRA","HHSAV","TOT","PC_HHDI","A","2015",8.3280675806316,
"FRA","HHSAV","TOT","PC_HHDI","A","2016",8.18294459978975,
"FRA","HHSAV","TOT","PC_HHDI","A","2017",8.36969154689083,
"FRA","HHSAV","TOT","PC_HHDI","A","2018",8.66242659553179,
"FRA","HHSAV","TOT","PC_HHDI","A","2019",9.2142156467708,"E"
"FRA","HHSAV","TOT","PC_HHDI","A","2020",15.7293652280265,"E"
"DEU","HHSAV","TOT","PC_HHDI","A","1995",11.382038913426,
"DEU","HHSAV","TOT","PC_HHDI","A","1996",10.9420310731557,
"DEU","HHSAV","TOT","PC_HHDI","A","1997",10.5507521177154,
"DEU","HHSAV","TOT","PC_HHDI","A","1998",10.404590554359,
"DEU","HHSAV","TOT","PC_HHDI","A","1999",9.82203937885198,
"DEU","HHSAV","TOT","PC_HHDI","A","2000",9.33170231465679,
"DEU","HHSAV","TOT","PC_HHDI","A","2001",9.99283877860086,
"DEU","HHSAV","TOT","PC_HHDI","A","2002",10.0837980422417,
"DEU","HHSAV","TOT","PC_HHDI","A","2003",10.5514208147389,
"DEU","HHSAV","TOT","PC_HHDI","A","2004",10.6240325349695,
"DEU","HHSAV","TOT","PC_HHDI","A","2005",10.5626812040034,
"DEU","HHSAV","TOT","PC_HHDI","A","2006",10.6364854826729,
"DEU","HHSAV","TOT","PC_HHDI","A","2007",10.6954033712757,
"DEU","HHSAV","TOT","PC_HHDI","A","2008",10.911750227265,
"DEU","HHSAV","TOT","PC_HHDI","A","2009",10.3744257134917,
"DEU","HHSAV","TOT","PC_HHDI","A","2010",10.3067972157926,
"DEU","HHSAV","TOT","PC_HHDI","A","2011",10.020736030819,
"DEU","HHSAV","TOT","PC_HHDI","A","2012",9.6518936129149,
"DEU","HHSAV","TOT","PC_HHDI","A","2013",9.28901313956851,
"DEU","HHSAV","TOT","PC_HHDI","A","2014",9.83621301474942,
"DEU","HHSAV","TOT","PC_HHDI","A","2015",10.0637420827351,
"DEU","HHSAV","TOT","PC_HHDI","A","2016",10.1962662600368,
"DEU","HHSAV","TOT","PC_HHDI","A","2017",10.643063003578,
"DEU","HHSAV","TOT","PC_HHDI","A","2018",11.3221976802804,"E"
"DEU","HHSAV","TOT","PC_HHDI","A","2019",10.8171678558285,"E"
"DEU","HHSAV","TOT","PC_HHDI","A","2020",16.072887803042,"E"
"GRC","HHSAV","TOT","PC_HHDI","A","2010",-4.11580294160234,"B"
"GRC","HHSAV","TOT","PC_HHDI","A","2011",-9.1027659436596,
"GRC","HHSAV","TOT","PC_HHDI","A","2012",-15.2194935369534,
"GRC","HHSAV","TOT","PC_HHDI","A","2013",-17.2451903851053,
"GRC","HHSAV","TOT","PC_HHDI","A","2014",-13.5994988326647,
"GRC","HHSAV","TOT","PC_HHDI","A","2015",-11.5546355444763,
"GRC","HHSAV","TOT","PC_HHDI","A","2016",-11.0556260297963,
"GRC","HHSAV","TOT","PC_HHDI","A","2017",-14.2002296218462,
"GRC","HHSAV","TOT","PC_HHDI","A","2018",-14.7039353677582,"E"
"GRC","HHSAV","TOT","PC_HHDI","A","2019",-11.7580358067675,"E"
"GRC","HHSAV","TOT","PC_HHDI","A","2020",-4.79966854075033,"E"
"HUN","HHSAV","TOT","PC_HHDI","A","1995",13.4385690607401,
"HUN","HHSAV","TOT","PC_HHDI","A","1996",12.940140541021,
"HUN","HHSAV","TOT","PC_HHDI","A","1997",11.5405740073838,
"HUN","HHSAV","TOT","PC_HHDI","A","1998",10.5130151145927,
"HUN","HHSAV","TOT","PC_HHDI","A","1999",6.59549737969237,
"HUN","HHSAV","TOT","PC_HHDI","A","2000",4.5000510283026,
"HUN","HHSAV","TOT","PC_HHDI","A","2001",5.28199729076913,
"HUN","HHSAV","TOT","PC_HHDI","A","2002",2.85921589093725,
"HUN","HHSAV","TOT","PC_HHDI","A","2003",1.58906736555654,
"HUN","HHSAV","TOT","PC_HHDI","A","2004",5.84278030388037,
"HUN","HHSAV","TOT","PC_HHDI","A","2005",7.52387769092503,
"HUN","HHSAV","TOT","PC_HHDI","A","2006",8.09830925840518,
"HUN","HHSAV","TOT","PC_HHDI","A","2007",3.82833542851075,
"HUN","HHSAV","TOT","PC_HHDI","A","2008",3.41163434595042,
"HUN","HHSAV","TOT","PC_HHDI","A","2009",5.57169803059439,
"HUN","HHSAV","TOT","PC_HHDI","A","2010",5.91161953053319,
"HUN","HHSAV","TOT","PC_HHDI","A","2011",6.45891118651088,
"HUN","HHSAV","TOT","PC_HHDI","A","2012",4.81502831951517,
"HUN","HHSAV","TOT","PC_HHDI","A","2013",6.81076104502126,
"HUN","HHSAV","TOT","PC_HHDI","A","2014",7.45318786045729,
"HUN","HHSAV","TOT","PC_HHDI","A","2015",7.28133039249302,
"HUN","HHSAV","TOT","PC_HHDI","A","2016",6.96791779483961,
"HUN","HHSAV","TOT","PC_HHDI","A","2017",8.06481260933012,
"HUN","HHSAV","TOT","PC_HHDI","A","2018",10.8309729123254,
"HUN","HHSAV","TOT","PC_HHDI","A","2019",10.5399254194764,
"HUN","HHSAV","TOT","PC_HHDI","A","2020",10.5389851808065,"E"
"IRL","HHSAV","TOT","PC_HHDI","A","1995",5.50467925286032,
"IRL","HHSAV","TOT","PC_HHDI","A","1996",4.96644993864223,
"IRL","HHSAV","TOT","PC_HHDI","A","1997",4.39574518125986,
"IRL","HHSAV","TOT","PC_HHDI","A","1998",4.61352751736524,
"IRL","HHSAV","TOT","PC_HHDI","A","1999",0.872070192369059,
"IRL","HHSAV","TOT","PC_HHDI","A","2000",-2.83767888053105,
"IRL","HHSAV","TOT","PC_HHDI","A","2001",2.02821893833243,
"IRL","HHSAV","TOT","PC_HHDI","A","2002",0.364491531028469,
"IRL","HHSAV","TOT","PC_HHDI","A","2003",1.31036510100543,
"IRL","HHSAV","TOT","PC_HHDI","A","2004",1.90947149128564,
"IRL","HHSAV","TOT","PC_HHDI","A","2005",2.60099385995174,
"IRL","HHSAV","TOT","PC_HHDI","A","2006",0.703989009970312,
"IRL","HHSAV","TOT","PC_HHDI","A","2007",0.379543178375213,
"IRL","HHSAV","TOT","PC_HHDI","A","2008",6.09543037716513,
"IRL","HHSAV","TOT","PC_HHDI","A","2009",11.2032977416262,
"IRL","HHSAV","TOT","PC_HHDI","A","2010",9.99430298637857,
"IRL","HHSAV","TOT","PC_HHDI","A","2011",5.23889275648357,
"IRL","HHSAV","TOT","PC_HHDI","A","2012",7.9363183282022,
"IRL","HHSAV","TOT","PC_HHDI","A","2013",5.04570449107445,
"IRL","HHSAV","TOT","PC_HHDI","A","2014",3.13996292903879,
"IRL","HHSAV","TOT","PC_HHDI","A","2015",3.77203572756479,
"IRL","HHSAV","TOT","PC_HHDI","A","2016",2.68174315001257,
"IRL","HHSAV","TOT","PC_HHDI","A","2017",6.93432310139046,
"IRL","HHSAV","TOT","PC_HHDI","A","2018",5.77278906530392,
"IRL","HHSAV","TOT","PC_HHDI","A","2019",5.2068693212705,
"IRL","HHSAV","TOT","PC_HHDI","A","2020",21.3806262272522,
"ITA","HHSAV","TOT","PC_HHDI","A","1995",16.1578400501464,
"ITA","HHSAV","TOT","PC_HHDI","A","1996",16.6018928733106,
"ITA","HHSAV","TOT","PC_HHDI","A","1997",13.7631469490369,
"ITA","HHSAV","TOT","PC_HHDI","A","1998",9.97296969865484,
"ITA","HHSAV","TOT","PC_HHDI","A","1999",8.84645100349342,
"ITA","HHSAV","TOT","PC_HHDI","A","2000",7.36345315258451,
"ITA","HHSAV","TOT","PC_HHDI","A","2001",8.82880617429602,
"ITA","HHSAV","TOT","PC_HHDI","A","2002",9.57192171055523,
"ITA","HHSAV","TOT","PC_HHDI","A","2003",9.07512681183483,
"ITA","HHSAV","TOT","PC_HHDI","A","2004",9.48791175841964,
"ITA","HHSAV","TOT","PC_HHDI","A","2005",8.90416219772776,
"ITA","HHSAV","TOT","PC_HHDI","A","2006",8.30483551991996,
"ITA","HHSAV","TOT","PC_HHDI","A","2007",7.81494294588013,
"ITA","HHSAV","TOT","PC_HHDI","A","2008",7.38184543280954,
"ITA","HHSAV","TOT","PC_HHDI","A","2009",6.75973959977419,
"ITA","HHSAV","TOT","PC_HHDI","A","2010",3.93446266911294,
"ITA","HHSAV","TOT","PC_HHDI","A","2011",3.40730238931602,
"ITA","HHSAV","TOT","PC_HHDI","A","2012",1.47339175274258,
"ITA","HHSAV","TOT","PC_HHDI","A","2013",3.29316737627115,
"ITA","HHSAV","TOT","PC_HHDI","A","2014",3.6911432150561,
"ITA","HHSAV","TOT","PC_HHDI","A","2015",2.8862380106133,
"ITA","HHSAV","TOT","PC_HHDI","A","2016",3.00370393554806,
"ITA","HHSAV","TOT","PC_HHDI","A","2017",2.56167969812546,
"ITA","HHSAV","TOT","PC_HHDI","A","2018",2.55177474230536,
"ITA","HHSAV","TOT","PC_HHDI","A","2019",2.39206197445871,
"ITA","HHSAV","TOT","PC_HHDI","A","2020",10.1541082587714,
"JPN","HHSAV","TOT","PC_HHDI","A","1994",12.7210360273093,
"JPN","HHSAV","TOT","PC_HHDI","A","1995",11.6422278254329,
"JPN","HHSAV","TOT","PC_HHDI","A","1996",10.2059128622415,
"JPN","HHSAV","TOT","PC_HHDI","A","1997",10.2428844267925,
"JPN","HHSAV","TOT","PC_HHDI","A","1998",11.3251419673562,
"JPN","HHSAV","TOT","PC_HHDI","A","1999",9.65465200969387,
"JPN","HHSAV","TOT","PC_HHDI","A","2000",8.0695998024158,
"JPN","HHSAV","TOT","PC_HHDI","A","2001",4.13587705780832,
"JPN","HHSAV","TOT","PC_HHDI","A","2002",2.76891739474437,
"JPN","HHSAV","TOT","PC_HHDI","A","2003",2.37164211677442,
"JPN","HHSAV","TOT","PC_HHDI","A","2004",2.16852165803578,
"JPN","HHSAV","TOT","PC_HHDI","A","2005",2.68600615104712,
"JPN","HHSAV","TOT","PC_HHDI","A","2006",3.25450541826254,
"JPN","HHSAV","TOT","PC_HHDI","A","2007",3.45980896764307,
"JPN","HHSAV","TOT","PC_HHDI","A","2008",3.38449226543384,
"JPN","HHSAV","TOT","PC_HHDI","A","2009",4.30000637654505,
"JPN","HHSAV","TOT","PC_HHDI","A","2010",3.31172021851454,
"JPN","HHSAV","TOT","PC_HHDI","A","2011",3.56533873868807,
"JPN","HHSAV","TOT","PC_HHDI","A","2012",2.32945429298585,
"JPN","HHSAV","TOT","PC_HHDI","A","2013",0.058224586049551,
"JPN","HHSAV","TOT","PC_HHDI","A","2014",-0.780155350212094,
"JPN","HHSAV","TOT","PC_HHDI","A","2015",0.127010965346576,
"JPN","HHSAV","TOT","PC_HHDI","A","2016",1.9497406623975,
"JPN","HHSAV","TOT","PC_HHDI","A","2017",1.60235903944459,
"JPN","HHSAV","TOT","PC_HHDI","A","2018",1.7749670276285,
"JPN","HHSAV","TOT","PC_HHDI","A","2019",3.24545620568361,
"JPN","HHSAV","TOT","PC_HHDI","A","2020",12.0873554673692,
"KOR","HHSAV","TOT","PC_HHDI","A","2005",4.60566095551073,
"KOR","HHSAV","TOT","PC_HHDI","A","2006",2.99030826650639,
"KOR","HHSAV","TOT","PC_HHDI","A","2007",2.05836731030504,
"KOR","HHSAV","TOT","PC_HHDI","A","2008",2.59006535968712,
"KOR","HHSAV","TOT","PC_HHDI","A","2009",3.49480943122225,
"KOR","HHSAV","TOT","PC_HHDI","A","2010",3.17578903028795,
"KOR","HHSAV","TOT","PC_HHDI","A","2011",2.54557459580991,
"KOR","HHSAV","TOT","PC_HHDI","A","2012",3.16246810335725,
"KOR","HHSAV","TOT","PC_HHDI","A","2013",5.21047509740871,
"KOR","HHSAV","TOT","PC_HHDI","A","2014",6.83280625597767,
"KOR","HHSAV","TOT","PC_HHDI","A","2015",9.62962072980377,
"KOR","HHSAV","TOT","PC_HHDI","A","2016",8.65963600833525,
"KOR","HHSAV","TOT","PC_HHDI","A","2017",7.5419616700027,
"KOR","HHSAV","TOT","PC_HHDI","A","2018",7.17285669683526,
"KOR","HHSAV","TOT","PC_HHDI","A","2019",8.12919754601227,
"KOR","HHSAV","TOT","PC_HHDI","A","2020",14.1116802763894,"E"
"LUX","HHSAV","TOT","PC_HHDI","A","1995",8.31426598610904,
"LUX","HHSAV","TOT","PC_HHDI","A","1996",5.38719634948329,
"LUX","HHSAV","TOT","PC_HHDI","A","1997",7.34770172621437,
"LUX","HHSAV","TOT","PC_HHDI","A","1998",3.44317779162543,
"LUX","HHSAV","TOT","PC_HHDI","A","1999",3.5171145814418,
"LUX","HHSAV","TOT","PC_HHDI","A","2000",5.851324828263,
"LUX","HHSAV","TOT","PC_HHDI","A","2001",6.55168777382584,
"LUX","HHSAV","TOT","PC_HHDI","A","2002",8.15066678442109,
"LUX","HHSAV","TOT","PC_HHDI","A","2003",6.36649160745546,
"LUX","HHSAV","TOT","PC_HHDI","A","2004",6.11708979100012,
"LUX","HHSAV","TOT","PC_HHDI","A","2005",5.18173650249122,
"LUX","HHSAV","TOT","PC_HHDI","A","2006",4.52340369739085,
"LUX","HHSAV","TOT","PC_HHDI","A","2007",4.99508271316805,
"LUX","HHSAV","TOT","PC_HHDI","A","2008",5.21135357851366,
"LUX","HHSAV","TOT","PC_HHDI","A","2009",7.31622327950144,
"LUX","HHSAV","TOT","PC_HHDI","A","2010",5.4893622538279,
"LUX","HHSAV","TOT","PC_HHDI","A","2011",6.14877375145323,
"LUX","HHSAV","TOT","PC_HHDI","A","2012",6.38408933619547,
"LUX","HHSAV","TOT","PC_HHDI","A","2013",9.86878407310129,
"LUX","HHSAV","TOT","PC_HHDI","A","2014",9.74722512196681,
"LUX","HHSAV","TOT","PC_HHDI","A","2015",7.38505218328558,
"LUX","HHSAV","TOT","PC_HHDI","A","2016",5.96033959478304,
"LUX","HHSAV","TOT","PC_HHDI","A","2017",7.41497381596363,
"LUX","HHSAV","TOT","PC_HHDI","A","2018",6.87529110118101,
"LUX","HHSAV","TOT","PC_HHDI","A","2019",7.88415723645027,
"LUX","HHSAV","TOT","PC_HHDI","A","2020",18.1066367452105,
"MEX","HHSAV","TOT","PC_HHDI","A","2003",5.09958349129485,
"MEX","HHSAV","TOT","PC_HHDI","A","2004",5.84632418067207,
"MEX","HHSAV","TOT","PC_HHDI","A","2005",5.98157396690822,
"MEX","HHSAV","TOT","PC_HHDI","A","2006",7.74984662598011,
"MEX","HHSAV","TOT","PC_HHDI","A","2007",6.87721086605497,
"MEX","HHSAV","TOT","PC_HHDI","A","2008",7.0217927886008,
"MEX","HHSAV","TOT","PC_HHDI","A","2009",15.0845014992316,
"MEX","HHSAV","TOT","PC_HHDI","A","2010",14.5361786887253,
"MEX","HHSAV","TOT","PC_HHDI","A","2011",15.748727926487,
"MEX","HHSAV","TOT","PC_HHDI","A","2012",14.6475257037987,
"MEX","HHSAV","TOT","PC_HHDI","A","2013",12.2279474355126,
"MEX","HHSAV","TOT","PC_HHDI","A","2014",14.3334862040684,
"MEX","HHSAV","TOT","PC_HHDI","A","2015",15.3512066105801,
"MEX","HHSAV","TOT","PC_HHDI","A","2016",13.9799754987887,
"MEX","HHSAV","TOT","PC_HHDI","A","2017",13.0160532111754,
"MEX","HHSAV","TOT","PC_HHDI","A","2018",10.2316038800643,
"MEX","HHSAV","TOT","PC_HHDI","A","2019",15.580941260084,
"MEX","HHSAV","TOT","PC_HHDI","A","2020",20.0926198050331,
"NLD","HHSAV","TOT","PC_HHDI","A","1995",10.3405391362986,
"NLD","HHSAV","TOT","PC_HHDI","A","1996",8.92077816406539,
"NLD","HHSAV","TOT","PC_HHDI","A","1997",8.75973303670745,
"NLD","HHSAV","TOT","PC_HHDI","A","1998",6.92298631234245,
"NLD","HHSAV","TOT","PC_HHDI","A","1999",4.67994844807217,
"NLD","HHSAV","TOT","PC_HHDI","A","2000",4.07933516323665,
"NLD","HHSAV","TOT","PC_HHDI","A","2001",5.07381572015385,
"NLD","HHSAV","TOT","PC_HHDI","A","2002",5.10089367838934,
"NLD","HHSAV","TOT","PC_HHDI","A","2003",4.78395463177337,
"NLD","HHSAV","TOT","PC_HHDI","A","2004",4.51768535684569,
"NLD","HHSAV","TOT","PC_HHDI","A","2005",2.9321193786304,
"NLD","HHSAV","TOT","PC_HHDI","A","2006",2.31977651969792,
"NLD","HHSAV","TOT","PC_HHDI","A","2007",2.31526892267451,
"NLD","HHSAV","TOT","PC_HHDI","A","2008",4.20336191130884,
"NLD","HHSAV","TOT","PC_HHDI","A","2009",8.03381914807956,
"NLD","HHSAV","TOT","PC_HHDI","A","2010",6.28409395172087,
"NLD","HHSAV","TOT","PC_HHDI","A","2011",7.22231773071814,
"NLD","HHSAV","TOT","PC_HHDI","A","2012",8.95367825705979,
"NLD","HHSAV","TOT","PC_HHDI","A","2013",9.21230361983156,
"NLD","HHSAV","TOT","PC_HHDI","A","2014",10.5241023559755,
"NLD","HHSAV","TOT","PC_HHDI","A","2015",10.1804678582265,
"NLD","HHSAV","TOT","PC_HHDI","A","2016",10.7813523340636,
"NLD","HHSAV","TOT","PC_HHDI","A","2017",9.27310027445871,
"NLD","HHSAV","TOT","PC_HHDI","A","2018",9.82795080084586,
"NLD","HHSAV","TOT","PC_HHDI","A","2019",11.3577386817501,
"NLD","HHSAV","TOT","PC_HHDI","A","2020",17.7854241877256,"E"
"NZL","HHSAV","TOT","PC_HHDI","A","1986",4.92599894482548,
"NZL","HHSAV","TOT","PC_HHDI","A","1987",7.04680321592649,
"NZL","HHSAV","TOT","PC_HHDI","A","1988",5.45553737043099,
"NZL","HHSAV","TOT","PC_HHDI","A","1989",4.1137931785038,
"NZL","HHSAV","TOT","PC_HHDI","A","1990",2.48268513585509,
"NZL","HHSAV","TOT","PC_HHDI","A","1991",5.38727596687978,
"NZL","HHSAV","TOT","PC_HHDI","A","1992",1.45677797505722,
"NZL","HHSAV","TOT","PC_HHDI","A","1993",1.45383024453546,
"NZL","HHSAV","TOT","PC_HHDI","A","1994",-0.674845466059243,
"NZL","HHSAV","TOT","PC_HHDI","A","1995",-0.708669936526255,
"NZL","HHSAV","TOT","PC_HHDI","A","1996",-1.29872334646204,
"NZL","HHSAV","TOT","PC_HHDI","A","1997",-0.690687233797629,
"NZL","HHSAV","TOT","PC_HHDI","A","1998",-1.60537526625736,
"NZL","HHSAV","TOT","PC_HHDI","A","1999",3.00695896216959,
"NZL","HHSAV","TOT","PC_HHDI","A","2000",-2.57120368480891,
"NZL","HHSAV","TOT","PC_HHDI","A","2001",-1.5119477037467,
"NZL","HHSAV","TOT","PC_HHDI","A","2002",-6.59572428338606,
"NZL","HHSAV","TOT","PC_HHDI","A","2003",-4.14956622763263,
"NZL","HHSAV","TOT","PC_HHDI","A","2004",-3.78813509887418,
"NZL","HHSAV","TOT","PC_HHDI","A","2005",-5.78888007950777,
"NZL","HHSAV","TOT","PC_HHDI","A","2006",-3.82820083854844,
"NZL","HHSAV","TOT","PC_HHDI","A","2007",-0.114935010325462,
"NZL","HHSAV","TOT","PC_HHDI","A","2008",-2.08728129082111,
"NZL","HHSAV","TOT","PC_HHDI","A","2009",1.27522552836248,
"NZL","HHSAV","TOT","PC_HHDI","A","2010",2.12188741401027,
"NZL","HHSAV","TOT","PC_HHDI","A","2011",2.67890438898909,
"NZL","HHSAV","TOT","PC_HHDI","A","2012",1.24339024021756,
"NZL","HHSAV","TOT","PC_HHDI","A","2013",0.881951919626839,
"NZL","HHSAV","TOT","PC_HHDI","A","2014",-0.2621694347793,
"NZL","HHSAV","TOT","PC_HHDI","A","2015",-0.058920106983026,
"NZL","HHSAV","TOT","PC_HHDI","A","2016",0.31174737459809,
"NZL","HHSAV","TOT","PC_HHDI","A","2017",0.163636887442021,
"NZL","HHSAV","TOT","PC_HHDI","A","2018",1.09917213571827,
"NZL","HHSAV","TOT","PC_HHDI","A","2019",3.11430458539319,
"NZL","HHSAV","TOT","PC_HHDI","A","2020",5.53689976193702,"E"
"NOR","HHSAV","TOT","PC_HHDI","A","1978",5.82912864417126,
"NOR","HHSAV","TOT","PC_HHDI","A","1979",1.71871786585187,
"NOR","HHSAV","TOT","PC_HHDI","A","1980",2.95394237444285,
"NOR","HHSAV","TOT","PC_HHDI","A","1981",5.32691437730728,
"NOR","HHSAV","TOT","PC_HHDI","A","1982",4.66069295698629,
"NOR","HHSAV","TOT","PC_HHDI","A","1983",4.46309606895864,
"NOR","HHSAV","TOT","PC_HHDI","A","1984",5.12595882945689,
"NOR","HHSAV","TOT","PC_HHDI","A","1985",-1.53701368224128,
"NOR","HHSAV","TOT","PC_HHDI","A","1986",-4.20499297254422,
"NOR","HHSAV","TOT","PC_HHDI","A","1987",-4.07049055872329,
"NOR","HHSAV","TOT","PC_HHDI","A","1988",-0.742336731183574,
"NOR","HHSAV","TOT","PC_HHDI","A","1989",1.4708255592393,
"NOR","HHSAV","TOT","PC_HHDI","A","1990",2.28465707483918,
"NOR","HHSAV","TOT","PC_HHDI","A","1991",2.85767238702051,
"NOR","HHSAV","TOT","PC_HHDI","A","1992",4.8247649858171,
"NOR","HHSAV","TOT","PC_HHDI","A","1993",5.89688687550599,
"NOR","HHSAV","TOT","PC_HHDI","A","1994",5.00960259376965,
"NOR","HHSAV","TOT","PC_HHDI","A","1995",4.34567118824471,
"NOR","HHSAV","TOT","PC_HHDI","A","1996",2.06044168328002,
"NOR","HHSAV","TOT","PC_HHDI","A","1997",2.63216287690019,
"NOR","HHSAV","TOT","PC_HHDI","A","1998",5.3104040637886,
"NOR","HHSAV","TOT","PC_HHDI","A","1999",4.28936243886252,
"NOR","HHSAV","TOT","PC_HHDI","A","2000",3.83063637579395,
"NOR","HHSAV","TOT","PC_HHDI","A","2001",2.56046848019804,
"NOR","HHSAV","TOT","PC_HHDI","A","2002",7.8446930590065,
"NOR","HHSAV","TOT","PC_HHDI","A","2003",8.35205649611268,
"NOR","HHSAV","TOT","PC_HHDI","A","2004",6.5563149575393,
"NOR","HHSAV","TOT","PC_HHDI","A","2005",9.34020275884992,
"NOR","HHSAV","TOT","PC_HHDI","A","2006",-0.855716555198128,
"NOR","HHSAV","TOT","PC_HHDI","A","2007",0.241298924379371,
"NOR","HHSAV","TOT","PC_HHDI","A","2008",2.867061739706,
"NOR","HHSAV","TOT","PC_HHDI","A","2009",4.52672024954471,
"NOR","HHSAV","TOT","PC_HHDI","A","2010",3.74960158657081,
"NOR","HHSAV","TOT","PC_HHDI","A","2011",5.80852875216291,
"NOR","HHSAV","TOT","PC_HHDI","A","2012",6.9057652351557,
"NOR","HHSAV","TOT","PC_HHDI","A","2013",7.21600975353825,
"NOR","HHSAV","TOT","PC_HHDI","A","2014",7.73442680710338,
"NOR","HHSAV","TOT","PC_HHDI","A","2015",9.75679805315832,
"NOR","HHSAV","TOT","PC_HHDI","A","2016",6.8890903165625,
"NOR","HHSAV","TOT","PC_HHDI","A","2017",6.55012766627572,
"NOR","HHSAV","TOT","PC_HHDI","A","2018",5.89924306575011,
"NOR","HHSAV","TOT","PC_HHDI","A","2019",7.60671779674568,
"NOR","HHSAV","TOT","PC_HHDI","A","2020",15.4126574436165,
"POL","HHSAV","TOT","PC_HHDI","A","1999",9.94649898753064,
"POL","HHSAV","TOT","PC_HHDI","A","2000",10.1531767342856,
"POL","HHSAV","TOT","PC_HHDI","A","2001",11.6555540587117,
"POL","HHSAV","TOT","PC_HHDI","A","2002",8.27014177774005,
"POL","HHSAV","TOT","PC_HHDI","A","2003",7.30236197945154,
"POL","HHSAV","TOT","PC_HHDI","A","2004",2.49509350720971,
"POL","HHSAV","TOT","PC_HHDI","A","2005",1.80693641073508,
"POL","HHSAV","TOT","PC_HHDI","A","2006",2.05194142618481,
"POL","HHSAV","TOT","PC_HHDI","A","2007",1.73916259396436,
"POL","HHSAV","TOT","PC_HHDI","A","2008",0.026235484182765,
"POL","HHSAV","TOT","PC_HHDI","A","2009",2.6370113641071,
"POL","HHSAV","TOT","PC_HHDI","A","2010",2.77843649155323,
"POL","HHSAV","TOT","PC_HHDI","A","2011",-0.36077584045203,
"POL","HHSAV","TOT","PC_HHDI","A","2012",-0.361169953155583,
"POL","HHSAV","TOT","PC_HHDI","A","2013",0.633309716158502,
"POL","HHSAV","TOT","PC_HHDI","A","2014",0.459648551903677,
"POL","HHSAV","TOT","PC_HHDI","A","2015",0.127408913512444,
"POL","HHSAV","TOT","PC_HHDI","A","2016",1.72026118385713,
"POL","HHSAV","TOT","PC_HHDI","A","2017",0.384536575370535,
"POL","HHSAV","TOT","PC_HHDI","A","2018",-0.702362299381626,
"POL","HHSAV","TOT","PC_HHDI","A","2019",0.703333908149411,
"POL","HHSAV","TOT","PC_HHDI","A","2020",6.85103978794434,
"PRT","HHSAV","TOT","PC_HHDI","A","1995",7.55220129071784,
"PRT","HHSAV","TOT","PC_HHDI","A","1996",6.43319594980258,
"PRT","HHSAV","TOT","PC_HHDI","A","1997",6.16581974683623,
"PRT","HHSAV","TOT","PC_HHDI","A","1998",7.62501672646728,
"PRT","HHSAV","TOT","PC_HHDI","A","1999",7.18370345585347,
"PRT","HHSAV","TOT","PC_HHDI","A","2000",6.08353163473617,
"PRT","HHSAV","TOT","PC_HHDI","A","2001",6.38331816187255,
"PRT","HHSAV","TOT","PC_HHDI","A","2002",6.21946347963726,
"PRT","HHSAV","TOT","PC_HHDI","A","2003",5.61122172139326,
"PRT","HHSAV","TOT","PC_HHDI","A","2004",4.07102849512569,
"PRT","HHSAV","TOT","PC_HHDI","A","2005",2.76420371094835,
"PRT","HHSAV","TOT","PC_HHDI","A","2006",0.835053617769783,
"PRT","HHSAV","TOT","PC_HHDI","A","2007",-0.39922291804216,
"PRT","HHSAV","TOT","PC_HHDI","A","2008",-0.869490690387154,
"PRT","HHSAV","TOT","PC_HHDI","A","2009",4.06774259251874,
"PRT","HHSAV","TOT","PC_HHDI","A","2010",1.57231144372316,
"PRT","HHSAV","TOT","PC_HHDI","A","2011",0.607412319913274,
"PRT","HHSAV","TOT","PC_HHDI","A","2012",2.06846263787415,
"PRT","HHSAV","TOT","PC_HHDI","A","2013",1.64529912532667,
"PRT","HHSAV","TOT","PC_HHDI","A","2014",-1.41759032276979,
"PRT","HHSAV","TOT","PC_HHDI","A","2015",-1.19186938909014,
"PRT","HHSAV","TOT","PC_HHDI","A","2016",-1.30554464616626,
"PRT","HHSAV","TOT","PC_HHDI","A","2017",-2.24142170232875,
"PRT","HHSAV","TOT","PC_HHDI","A","2018",-2.46664133736181,
"PRT","HHSAV","TOT","PC_HHDI","A","2019",-2.17080711745552,
"PRT","HHSAV","TOT","PC_HHDI","A","2020",3.45734007151224,"E"
"SVK","HHSAV","TOT","PC_HHDI","A","1995",3.07621645483849,
"SVK","HHSAV","TOT","PC_HHDI","A","1996",6.81904302959188,
"SVK","HHSAV","TOT","PC_HHDI","A","1997",8.7105162731448,
"SVK","HHSAV","TOT","PC_HHDI","A","1998",6.86721203849819,
"SVK","HHSAV","TOT","PC_HHDI","A","1999",5.31394185233971,
"SVK","HHSAV","TOT","PC_HHDI","A","2000",4.57853205209339,
"SVK","HHSAV","TOT","PC_HHDI","A","2001",2.43734333421161,
"SVK","HHSAV","TOT","PC_HHDI","A","2002",1.55104549955876,
"SVK","HHSAV","TOT","PC_HHDI","A","2003",0.842879125089262,
"SVK","HHSAV","TOT","PC_HHDI","A","2004",0.356736569131661,
"SVK","HHSAV","TOT","PC_HHDI","A","2005",0.8148934425919,
"SVK","HHSAV","TOT","PC_HHDI","A","2006",0.308470739092077,
"SVK","HHSAV","TOT","PC_HHDI","A","2007",1.04528072334458,
"SVK","HHSAV","TOT","PC_HHDI","A","2008",0.236964287263504,
"SVK","HHSAV","TOT","PC_HHDI","A","2009",1.69081556895549,
"SVK","HHSAV","TOT","PC_HHDI","A","2010",3.11496739598446,
"SVK","HHSAV","TOT","PC_HHDI","A","2011",2.05951056496306,
"SVK","HHSAV","TOT","PC_HHDI","A","2012",1.20466726259898,
"SVK","HHSAV","TOT","PC_HHDI","A","2013",0.106411973285125,
"SVK","HHSAV","TOT","PC_HHDI","A","2014",0.726436823127479,
"SVK","HHSAV","TOT","PC_HHDI","A","2015",3.15741985172988,
"SVK","HHSAV","TOT","PC_HHDI","A","2016",3.26926703238215,
"SVK","HHSAV","TOT","PC_HHDI","A","2017",2.06340631562587,
"SVK","HHSAV","TOT","PC_HHDI","A","2018",4.76063481526466,
"SVK","HHSAV","TOT","PC_HHDI","A","2019",4.13265379772332,
"SVK","HHSAV","TOT","PC_HHDI","A","2020",5.14479346737014,
"ESP","HHSAV","TOT","PC_HHDI","A","1995",4.89916276487337,
"ESP","HHSAV","TOT","PC_HHDI","A","1996",5.89917575688168,
"ESP","HHSAV","TOT","PC_HHDI","A","1997",6.95585666286728,
"ESP","HHSAV","TOT","PC_HHDI","A","1998",7.17657032065289,
"ESP","HHSAV","TOT","PC_HHDI","A","1999",6.17961793537136,
"ESP","HHSAV","TOT","PC_HHDI","A","2000",6.59963291038225,
"ESP","HHSAV","TOT","PC_HHDI","A","2001",6.44997140451133,
"ESP","HHSAV","TOT","PC_HHDI","A","2002",6.08309650750405,
"ESP","HHSAV","TOT","PC_HHDI","A","2003",7.07961593678393,
"ESP","HHSAV","TOT","PC_HHDI","A","2004",5.07049732138624,
"ESP","HHSAV","TOT","PC_HHDI","A","2005",4.26515099004182,
"ESP","HHSAV","TOT","PC_HHDI","A","2006",2.36010600861404,
"ESP","HHSAV","TOT","PC_HHDI","A","2007",0.772101258446608,
"ESP","HHSAV","TOT","PC_HHDI","A","2008",3.07682484082243,
"ESP","HHSAV","TOT","PC_HHDI","A","2009",6.9458626572178,
"ESP","HHSAV","TOT","PC_HHDI","A","2010",5.06468932062502,
"ESP","HHSAV","TOT","PC_HHDI","A","2011",5.90750549806244,
"ESP","HHSAV","TOT","PC_HHDI","A","2012",2.22401715488304,
"ESP","HHSAV","TOT","PC_HHDI","A","2013",3.98179677103312,
"ESP","HHSAV","TOT","PC_HHDI","A","2014",2.27614189881049,
"ESP","HHSAV","TOT","PC_HHDI","A","2015",3.1700230622558,
"ESP","HHSAV","TOT","PC_HHDI","A","2016",2.97293333014033,
"ESP","HHSAV","TOT","PC_HHDI","A","2017",1.64338179834995,
"ESP","HHSAV","TOT","PC_HHDI","A","2018",1.39643068595111,
"ESP","HHSAV","TOT","PC_HHDI","A","2019",4.20927869508199,
"ESP","HHSAV","TOT","PC_HHDI","A","2020",10.808369584205,
"SWE","HHSAV","TOT","PC_HHDI","A","1995",4.86800454200262,
"SWE","HHSAV","TOT","PC_HHDI","A","1996",2.76230975364973,
"SWE","HHSAV","TOT","PC_HHDI","A","1997",-1.07773951625771,
"SWE","HHSAV","TOT","PC_HHDI","A","1998",-1.1564061964868,
"SWE","HHSAV","TOT","PC_HHDI","A","1999",-0.983125499870456,
"SWE","HHSAV","TOT","PC_HHDI","A","2000",0.422216304928584,
"SWE","HHSAV","TOT","PC_HHDI","A","2001",4.80867057301452,
"SWE","HHSAV","TOT","PC_HHDI","A","2002",5.15316850277837,
"SWE","HHSAV","TOT","PC_HHDI","A","2003",4.649656449315,
"SWE","HHSAV","TOT","PC_HHDI","A","2004",3.3157444223344,
"SWE","HHSAV","TOT","PC_HHDI","A","2005",2.86277382968892,
"SWE","HHSAV","TOT","PC_HHDI","A","2006",5.01063178581784,
"SWE","HHSAV","TOT","PC_HHDI","A","2007",7.71589486471317,
"SWE","HHSAV","TOT","PC_HHDI","A","2008",9.46751263071319,
"SWE","HHSAV","TOT","PC_HHDI","A","2009",8.85867604746909,
"SWE","HHSAV","TOT","PC_HHDI","A","2010",9.8018615775939,
"SWE","HHSAV","TOT","PC_HHDI","A","2011",10.7168162341962,
"SWE","HHSAV","TOT","PC_HHDI","A","2012",13.1721826585409,
"SWE","HHSAV","TOT","PC_HHDI","A","2013",13.4200605678355,
"SWE","HHSAV","TOT","PC_HHDI","A","2014",13.8376469666273,
"SWE","HHSAV","TOT","PC_HHDI","A","2015",11.9980745730595,
"SWE","HHSAV","TOT","PC_HHDI","A","2016",13.4345901284673,
"SWE","HHSAV","TOT","PC_HHDI","A","2017",12.302957258605,
"SWE","HHSAV","TOT","PC_HHDI","A","2018",13.6015058615669,
"SWE","HHSAV","TOT","PC_HHDI","A","2019",15.5612223065248,
"SWE","HHSAV","TOT","PC_HHDI","A","2020",17.1331479156427,
"CHE","HHSAV","TOT","PC_HHDI","A","1995",13.3558371603889,
"CHE","HHSAV","TOT","PC_HHDI","A","1996",12.0097289280272,
"CHE","HHSAV","TOT","PC_HHDI","A","1997",14.342436633962,
"CHE","HHSAV","TOT","PC_HHDI","A","1998",13.7165089806472,
"CHE","HHSAV","TOT","PC_HHDI","A","1999",15.0518956787892,
"CHE","HHSAV","TOT","PC_HHDI","A","2000",14.8476292384271,
"CHE","HHSAV","TOT","PC_HHDI","A","2001",15.2571065023336,
"CHE","HHSAV","TOT","PC_HHDI","A","2002",14.5633773047581,
"CHE","HHSAV","TOT","PC_HHDI","A","2003",13.6257917803602,
"CHE","HHSAV","TOT","PC_HHDI","A","2004",13.2591822529472,
"CHE","HHSAV","TOT","PC_HHDI","A","2005",14.488409668631,
"CHE","HHSAV","TOT","PC_HHDI","A","2006",16.1054027216612,
"CHE","HHSAV","TOT","PC_HHDI","A","2007",18.0323148370537,
"CHE","HHSAV","TOT","PC_HHDI","A","2008",17.40290872826,
"CHE","HHSAV","TOT","PC_HHDI","A","2009",17.1334771005071,
"CHE","HHSAV","TOT","PC_HHDI","A","2010",17.3176689506945,
"CHE","HHSAV","TOT","PC_HHDI","A","2011",17.2211261008119,
"CHE","HHSAV","TOT","PC_HHDI","A","2012",17.3707246818656,
"CHE","HHSAV","TOT","PC_HHDI","A","2013",17.6866987116239,
"CHE","HHSAV","TOT","PC_HHDI","A","2014",18.7984478054068,
"CHE","HHSAV","TOT","PC_HHDI","A","2015",17.9545579417562,
"CHE","HHSAV","TOT","PC_HHDI","A","2016",17.393615960291,
"CHE","HHSAV","TOT","PC_HHDI","A","2017",16.4487583187316,
"CHE","HHSAV","TOT","PC_HHDI","A","2018",15.8252063306416,
"CHE","HHSAV","TOT","PC_HHDI","A","2019",17.3612769820907,"E"
"CHE","HHSAV","TOT","PC_HHDI","A","2020",23.137913924224,"E"
"GBR","HHSAV","TOT","PC_HHDI","A","1995",9.99720192244387,
"GBR","HHSAV","TOT","PC_HHDI","A","1996",8.86714341817482,
"GBR","HHSAV","TOT","PC_HHDI","A","1997",6.69179193428441,
"GBR","HHSAV","TOT","PC_HHDI","A","1998",3.38306592801487,
"GBR","HHSAV","TOT","PC_HHDI","A","1999",2.2294412942756,
"GBR","HHSAV","TOT","PC_HHDI","A","2000",4.14266232865418,
"GBR","HHSAV","TOT","PC_HHDI","A","2001",4.13810039543611,
"GBR","HHSAV","TOT","PC_HHDI","A","2002",4.13011602664325,
"GBR","HHSAV","TOT","PC_HHDI","A","2003",2.69615403634274,
"GBR","HHSAV","TOT","PC_HHDI","A","2004",2.81320031524346,
"GBR","HHSAV","TOT","PC_HHDI","A","2005",2.67806084749574,
"GBR","HHSAV","TOT","PC_HHDI","A","2006",2.68996601607819,
"GBR","HHSAV","TOT","PC_HHDI","A","2007",4.20069662750106,
"GBR","HHSAV","TOT","PC_HHDI","A","2008",2.91503410073779,
"GBR","HHSAV","TOT","PC_HHDI","A","2009",5.82848422146592,
"GBR","HHSAV","TOT","PC_HHDI","A","2010",6.16225532527998,
"GBR","HHSAV","TOT","PC_HHDI","A","2011",3.67089630647377,
"GBR","HHSAV","TOT","PC_HHDI","A","2012",3.11750975747085,
"GBR","HHSAV","TOT","PC_HHDI","A","2013",2.37502730495858,
"GBR","HHSAV","TOT","PC_HHDI","A","2014",2.51456541635923,
"GBR","HHSAV","TOT","PC_HHDI","A","2015",3.64562011150745,
"GBR","HHSAV","TOT","PC_HHDI","A","2016",0.647759316430464,
"GBR","HHSAV","TOT","PC_HHDI","A","2017",-1.29126507287093,
"GBR","HHSAV","TOT","PC_HHDI","A","2018",-1.49915663455865,
"GBR","HHSAV","TOT","PC_HHDI","A","2019",-1.64004222502008,
"GBR","HHSAV","TOT","PC_HHDI","A","2020",7.48088215092093,
"USA","HHSAV","TOT","PC_HHDI","A","1970",13.1111903069122,
"USA","HHSAV","TOT","PC_HHDI","A","1971",13.7861756250125,
"USA","HHSAV","TOT","PC_HHDI","A","1972",12.6780689546293,
"USA","HHSAV","TOT","PC_HHDI","A","1973",13.7825487446915,
"USA","HHSAV","TOT","PC_HHDI","A","1974",13.588925649352,
"USA","HHSAV","TOT","PC_HHDI","A","1975",13.7309986303475,
"USA","HHSAV","TOT","PC_HHDI","A","1976",11.8569749728771,
"USA","HHSAV","TOT","PC_HHDI","A","1977",10.9057634641403,
"USA","HHSAV","TOT","PC_HHDI","A","1978",10.9597924618742,
"USA","HHSAV","TOT","PC_HHDI","A","1979",10.5395041180513,
"USA","HHSAV","TOT","PC_HHDI","A","1980",11.3470699824654,
"USA","HHSAV","TOT","PC_HHDI","A","1981",12.0698455881309,
"USA","HHSAV","TOT","PC_HHDI","A","1982",12.405173260168,
"USA","HHSAV","TOT","PC_HHDI","A","1983",10.3711726918842,
"USA","HHSAV","TOT","PC_HHDI","A","1984",11.7031087037457,
"USA","HHSAV","TOT","PC_HHDI","A","1985",9.50475465045598,
"USA","HHSAV","TOT","PC_HHDI","A","1986",9.14741619024057,
"USA","HHSAV","TOT","PC_HHDI","A","1987",8.21628453167177,
"USA","HHSAV","TOT","PC_HHDI","A","1988",8.77932000332824,
"USA","HHSAV","TOT","PC_HHDI","A","1989",8.68014393579899,
"USA","HHSAV","TOT","PC_HHDI","A","1990",8.65974158447973,
"USA","HHSAV","TOT","PC_HHDI","A","1991",9.12485358420481,
"USA","HHSAV","TOT","PC_HHDI","A","1992",9.75766614545771,
"USA","HHSAV","TOT","PC_HHDI","A","1993",8.19988167981981,
"USA","HHSAV","TOT","PC_HHDI","A","1994",7.14716462132461,
"USA","HHSAV","TOT","PC_HHDI","A","1995",7.23519825547431,
"USA","HHSAV","TOT","PC_HHDI","A","1996",6.79362010393128,
"USA","HHSAV","TOT","PC_HHDI","A","1997",6.58466165319367,
"USA","HHSAV","TOT","PC_HHDI","A","1998",7.06113661640694,
"USA","HHSAV","TOT","PC_HHDI","A","1999",5.19074518000135,
"USA","HHSAV","TOT","PC_HHDI","A","2000",4.93692008204525,
"USA","HHSAV","TOT","PC_HHDI","A","2001",5.13399192390168,
"USA","HHSAV","TOT","PC_HHDI","A","2002",5.92068481889222,
"USA","HHSAV","TOT","PC_HHDI","A","2003",5.57073159901986,
"USA","HHSAV","TOT","PC_HHDI","A","2004",5.13331739765886,
"USA","HHSAV","TOT","PC_HHDI","A","2005",2.96559030650522,
"USA","HHSAV","TOT","PC_HHDI","A","2006",3.72205123858535,
"USA","HHSAV","TOT","PC_HHDI","A","2007",3.49197604206721,
"USA","HHSAV","TOT","PC_HHDI","A","2008",4.76954669754714,
"USA","HHSAV","TOT","PC_HHDI","A","2009",6.07420138752618,
"USA","HHSAV","TOT","PC_HHDI","A","2010",6.46618978176681,
"USA","HHSAV","TOT","PC_HHDI","A","2011",7.00576253845557,
"USA","HHSAV","TOT","PC_HHDI","A","2012",8.85339445208754,
"USA","HHSAV","TOT","PC_HHDI","A","2013",6.31511563964384,
"USA","HHSAV","TOT","PC_HHDI","A","2014",7.28493535942211,
"USA","HHSAV","TOT","PC_HHDI","A","2015",7.78193509097298,
"USA","HHSAV","TOT","PC_HHDI","A","2016",7.22044406846336,
"USA","HHSAV","TOT","PC_HHDI","A","2017",7.5192163569176,
"USA","HHSAV","TOT","PC_HHDI","A","2018",7.88473506372481,
"USA","HHSAV","TOT","PC_HHDI","A","2019",7.90090321193075,
"USA","HHSAV","TOT","PC_HHDI","A","2020",17.0505731532912,
"CHL","HHSAV","TOT","PC_HHDI","A","2003",14.8962410100237,
"CHL","HHSAV","TOT","PC_HHDI","A","2004",12.4118964952418,
"CHL","HHSAV","TOT","PC_HHDI","A","2005",11.2990566987809,
"CHL","HHSAV","TOT","PC_HHDI","A","2006",12.4669336295702,
"CHL","HHSAV","TOT","PC_HHDI","A","2007",10.1211783123614,
"CHL","HHSAV","TOT","PC_HHDI","A","2008",10.7245651340122,
"CHL","HHSAV","TOT","PC_HHDI","A","2009",12.4814851043811,
"CHL","HHSAV","TOT","PC_HHDI","A","2010",8.94602110314868,
"CHL","HHSAV","TOT","PC_HHDI","A","2011",9.3225525395617,
"CHL","HHSAV","TOT","PC_HHDI","A","2012",11.3103797293588,
"CHL","HHSAV","TOT","PC_HHDI","A","2013",11.0334921671429,
"CHL","HHSAV","TOT","PC_HHDI","A","2014",11.3702644608172,
"CHL","HHSAV","TOT","PC_HHDI","A","2015",9.71595438686575,
"CHL","HHSAV","TOT","PC_HHDI","A","2016",10.2103547157355,
"CHL","HHSAV","TOT","PC_HHDI","A","2017",9.44537051401672,
"CHL","HHSAV","TOT","PC_HHDI","A","2018",9.56507126959007,
"CHL","HHSAV","TOT","PC_HHDI","A","2019",11.8986478988162,
"EST","HHSAV","TOT","PC_HHDI","A","1995",12.5287608195464,
"EST","HHSAV","TOT","PC_HHDI","A","1996",5.50250921525958,
"EST","HHSAV","TOT","PC_HHDI","A","1997",-1.02726647827083,
"EST","HHSAV","TOT","PC_HHDI","A","1998",-1.37509549274255,
"EST","HHSAV","TOT","PC_HHDI","A","1999",-1.49008840075007,
"EST","HHSAV","TOT","PC_HHDI","A","2000",0.017896557895365,
"EST","HHSAV","TOT","PC_HHDI","A","2001",-2.20747598533701,
"EST","HHSAV","TOT","PC_HHDI","A","2002",-10.4617346938776,
"EST","HHSAV","TOT","PC_HHDI","A","2003",-9.70140768198667,
"EST","HHSAV","TOT","PC_HHDI","A","2004",-11.2336660150221,
"EST","HHSAV","TOT","PC_HHDI","A","2005",-9.20022023693231,
"EST","HHSAV","TOT","PC_HHDI","A","2006",-8.12108497813497,
"EST","HHSAV","TOT","PC_HHDI","A","2007",-7.19508225455092,
"EST","HHSAV","TOT","PC_HHDI","A","2008",2.89128546771764,
"EST","HHSAV","TOT","PC_HHDI","A","2009",7.41511594970381,
"EST","HHSAV","TOT","PC_HHDI","A","2010",3.61992077530581,
"EST","HHSAV","TOT","PC_HHDI","A","2011",4.57521522428636,
"EST","HHSAV","TOT","PC_HHDI","A","2012",0.71724646802231,
"EST","HHSAV","TOT","PC_HHDI","A","2013",2.53724046414639,
"EST","HHSAV","TOT","PC_HHDI","A","2014",4.13595336592704,
"EST","HHSAV","TOT","PC_HHDI","A","2015",5.67643857677571,
"EST","HHSAV","TOT","PC_HHDI","A","2016",2.72849764203907,
"EST","HHSAV","TOT","PC_HHDI","A","2017",5.84257675834262,
"EST","HHSAV","TOT","PC_HHDI","A","2018",6.20924686403493,
"EST","HHSAV","TOT","PC_HHDI","A","2019",9.60351151148524,
"RUS","HHSAV","TOT","PC_HHDI","A","2011",3.74302693707246,
"RUS","HHSAV","TOT","PC_HHDI","A","2012",3.54421435841007,
"RUS","HHSAV","TOT","PC_HHDI","A","2013",3.97592241821016,
"RUS","HHSAV","TOT","PC_HHDI","A","2014",4.14866424179391,
"RUS","HHSAV","TOT","PC_HHDI","A","2015",9.20605213646241,
"RUS","HHSAV","TOT","PC_HHDI","A","2016",9.51221496409863,
"RUS","HHSAV","TOT","PC_HHDI","A","2017",8.7126447863131,
"RUS","HHSAV","TOT","PC_HHDI","A","2018",5.20374929457421,
"RUS","HHSAV","TOT","PC_HHDI","A","2019",4.33133428208762,
"SVN","HHSAV","TOT","PC_HHDI","A","1995",4.55291083972368,
"SVN","HHSAV","TOT","PC_HHDI","A","1996",4.77585343958865,
"SVN","HHSAV","TOT","PC_HHDI","A","1997",7.37940897428108,
"SVN","HHSAV","TOT","PC_HHDI","A","1998",6.26541681924642,
"SVN","HHSAV","TOT","PC_HHDI","A","1999",3.53645155155009,
"SVN","HHSAV","TOT","PC_HHDI","A","2000",7.38308193838287,
"SVN","HHSAV","TOT","PC_HHDI","A","2001",9.03862611086371,
"SVN","HHSAV","TOT","PC_HHDI","A","2002",9.75758700877416,
"SVN","HHSAV","TOT","PC_HHDI","A","2003",7.14303140517883,
"SVN","HHSAV","TOT","PC_HHDI","A","2004",7.64743985060232,
"SVN","HHSAV","TOT","PC_HHDI","A","2005",10.04969895852,
"SVN","HHSAV","TOT","PC_HHDI","A","2006",11.3109635379615,
"SVN","HHSAV","TOT","PC_HHDI","A","2007",9.50399273890569,
"SVN","HHSAV","TOT","PC_HHDI","A","2008",9.16302535199375,
"SVN","HHSAV","TOT","PC_HHDI","A","2009",6.5666081726623,
"SVN","HHSAV","TOT","PC_HHDI","A","2010",5.05567960828781,
"SVN","HHSAV","TOT","PC_HHDI","A","2011",3.64822135296296,
"SVN","HHSAV","TOT","PC_HHDI","A","2012",0.80249945738471,
"SVN","HHSAV","TOT","PC_HHDI","A","2013",3.04826012831186,
"SVN","HHSAV","TOT","PC_HHDI","A","2014",3.1384956154024,
"SVN","HHSAV","TOT","PC_HHDI","A","2015",3.60150085121122,
"SVN","HHSAV","TOT","PC_HHDI","A","2016",3.80622700199885,
"SVN","HHSAV","TOT","PC_HHDI","A","2017",5.36960584505235,
"SVN","HHSAV","TOT","PC_HHDI","A","2018",6.24318024882223,
"SVN","HHSAV","TOT","PC_HHDI","A","2019",6.48376283345021,
"SVN","HHSAV","TOT","PC_HHDI","A","2020",16.2529922428271,
"ZAF","HHSAV","TOT","PC_HHDI","A","1995",2.51769609032173,
"ZAF","HHSAV","TOT","PC_HHDI","A","1996",2.16962233047746,
"ZAF","HHSAV","TOT","PC_HHDI","A","1997",3.5857272465469,
"ZAF","HHSAV","TOT","PC_HHDI","A","1998",2.65406121632408,
"ZAF","HHSAV","TOT","PC_HHDI","A","1999",2.23163899207723,
"ZAF","HHSAV","TOT","PC_HHDI","A","2000",1.94814576451505,
"ZAF","HHSAV","TOT","PC_HHDI","A","2001",1.4184269635983,
"ZAF","HHSAV","TOT","PC_HHDI","A","2002",1.57120373363773,
"ZAF","HHSAV","TOT","PC_HHDI","A","2003",1.05502393523928,
"ZAF","HHSAV","TOT","PC_HHDI","A","2004",0.920046116186326,
"ZAF","HHSAV","TOT","PC_HHDI","A","2005",0.494941372024891,
"ZAF","HHSAV","TOT","PC_HHDI","A","2006",-1.74284671820058,
"ZAF","HHSAV","TOT","PC_HHDI","A","2007",-2.26747482138619,
"ZAF","HHSAV","TOT","PC_HHDI","A","2008",-1.07652781213833,
"ZAF","HHSAV","TOT","PC_HHDI","A","2009",-0.52767515743353,
"ZAF","HHSAV","TOT","PC_HHDI","A","2010",-0.833831129105261,
"ZAF","HHSAV","TOT","PC_HHDI","A","2011",-1.27315936526715,
"ZAF","HHSAV","TOT","PC_HHDI","A","2012",-1.98956403615799,
"ZAF","HHSAV","TOT","PC_HHDI","A","2013",-2.30507645343983,
"ZAF","HHSAV","TOT","PC_HHDI","A","2014",-2.03683304030104,
"ZAF","HHSAV","TOT","PC_HHDI","A","2015",-0.830271768499236,
"ZAF","HHSAV","TOT","PC_HHDI","A","2016",-0.906378294939805,
"ZAF","HHSAV","TOT","PC_HHDI","A","2017",0.202509362670244,
"ZAF","HHSAV","TOT","PC_HHDI","A","2018",-0.104137298929162,
"ZAF","HHSAV","TOT","PC_HHDI","A","2019",-0.251802022878503,
"EA","HHSAV","TOT","PC_HHDI","A","1999",8.10172732882448,
"EA","HHSAV","TOT","PC_HHDI","A","2000",7.29402979748102,
"EA","HHSAV","TOT","PC_HHDI","A","2001",8.05939791861571,
"EA","HHSAV","TOT","PC_HHDI","A","2002",8.30559694592741,
"EA","HHSAV","TOT","PC_HHDI","A","2003",8.22838919700541,
"EA","HHSAV","TOT","PC_HHDI","A","2004",8.02508856024101,
"EA","HHSAV","TOT","PC_HHDI","A","2005",6.88687056759985,
"EA","HHSAV","TOT","PC_HHDI","A","2006",6.79995334336447,
"EA","HHSAV","TOT","PC_HHDI","A","2007",6.48656090163005,
"EA","HHSAV","TOT","PC_HHDI","A","2008",6.6850752837609,
"EA","HHSAV","TOT","PC_HHDI","A","2009",7.85140918407638,
"EA","HHSAV","TOT","PC_HHDI","A","2010",6.72327939153848,
"EA","HHSAV","TOT","PC_HHDI","A","2011",6.20690910245478,
"EA","HHSAV","TOT","PC_HHDI","A","2012",5.6213203908597,
"EA","HHSAV","TOT","PC_HHDI","A","2013",5.63846805873459,
"EA","HHSAV","TOT","PC_HHDI","A","2014",5.77555294696136,
"EA","HHSAV","TOT","PC_HHDI","A","2015",5.79766237896648,
"EA","HHSAV","TOT","PC_HHDI","A","2016",5.83223615271117,
"EA","HHSAV","TOT","PC_HHDI","A","2017",5.76385806015225,
"EA","HHSAV","TOT","PC_HHDI","A","2018",5.94322717414247,
"EA","HHSAV","TOT","PC_HHDI","A","2019",6.45645976446947,
"EA","HHSAV","TOT","PC_HHDI","A","2020",13.0859771113562,
"EU","HHSAV","TOT","PC_HHDI","A","1999",7.69736222342268,
"EU","HHSAV","TOT","PC_HHDI","A","2000",7.2307532724968,
"EU","HHSAV","TOT","PC_HHDI","A","2001",7.9821115443911,
"EU","HHSAV","TOT","PC_HHDI","A","2002",7.56968894218576,
"EU","HHSAV","TOT","PC_HHDI","A","2003",7.63445917802258,
"EU","HHSAV","TOT","PC_HHDI","A","2004",7.15673283781018,
"EU","HHSAV","TOT","PC_HHDI","A","2005",6.3505592888155,
"EU","HHSAV","TOT","PC_HHDI","A","2006",6.12680926184905,
"EU","HHSAV","TOT","PC_HHDI","A","2007",5.67658062268129,
"EU","HHSAV","TOT","PC_HHDI","A","2008",6.16867915204861,
"EU","HHSAV","TOT","PC_HHDI","A","2009",7.48084799839774,
"EU","HHSAV","TOT","PC_HHDI","A","2010",6.53595533454237,
"EU","HHSAV","TOT","PC_HHDI","A","2011",5.97617579629078,
"EU","HHSAV","TOT","PC_HHDI","A","2012",5.31193167706015,
"EU","HHSAV","TOT","PC_HHDI","A","2013",5.39880316313612,
"EU","HHSAV","TOT","PC_HHDI","A","2014",5.14994609265783,
"EU","HHSAV","TOT","PC_HHDI","A","2015",5.15261536544057,
"EU","HHSAV","TOT","PC_HHDI","A","2016",5.44791712068468,
"EU","HHSAV","TOT","PC_HHDI","A","2017",5.23675397888114,
"EU","HHSAV","TOT","PC_HHDI","A","2018",5.33786669980609,
"EU","HHSAV","TOT","PC_HHDI","A","2019",5.88606956848472,
"EU","HHSAV","TOT","PC_HHDI","A","2020",12.2878832394502,
"CAN","HHSAV","TOT","PC_HHDI","A","1981",16.089069350554,
"CAN","HHSAV","TOT","PC_HHDI","A","1982",18.674802337573,
"CAN","HHSAV","TOT","PC_HHDI","A","1983",15.1773945008633,
"CAN","HHSAV","TOT","PC_HHDI","A","1984",15.1720674055953,
"CAN","HHSAV","TOT","PC_HHDI","A","1985",14.3503704618033,
"CAN","HHSAV","TOT","PC_HHDI","A","1986",12.1303901900571,
"CAN","HHSAV","TOT","PC_HHDI","A","1987",10.7239462177463,
"CAN","HHSAV","TOT","PC_HHDI","A","1988",11.2233410551001,
"CAN","HHSAV","TOT","PC_HHDI","A","1989",11.9304653809009,
"CAN","HHSAV","TOT","PC_HHDI","A","1990",12.0614154258595,
"CAN","HHSAV","TOT","PC_HHDI","A","1991",12.1093920815805,
"CAN","HHSAV","TOT","PC_HHDI","A","1992",12.1772491928582,
"CAN","HHSAV","TOT","PC_HHDI","A","1993",11.5655114776248,
"CAN","HHSAV","TOT","PC_HHDI","A","1994",9.52969272665976,
"CAN","HHSAV","TOT","PC_HHDI","A","1995",8.71455368413602,
"CAN","HHSAV","TOT","PC_HHDI","A","1996",6.38067542612129,
"CAN","HHSAV","TOT","PC_HHDI","A","1997",4.40155756831042,
"CAN","HHSAV","TOT","PC_HHDI","A","1998",4.7364638874349,
"CAN","HHSAV","TOT","PC_HHDI","A","1999",4.55786641885772,
"CAN","HHSAV","TOT","PC_HHDI","A","2000",5.04595893527024,
"CAN","HHSAV","TOT","PC_HHDI","A","2001",4.76282534393988,
"CAN","HHSAV","TOT","PC_HHDI","A","2002",3.01091303660357,
"CAN","HHSAV","TOT","PC_HHDI","A","2003",2.04193525318062,
"CAN","HHSAV","TOT","PC_HHDI","A","2004",2.5829540229119,
"CAN","HHSAV","TOT","PC_HHDI","A","2005",1.53237059542304,
"CAN","HHSAV","TOT","PC_HHDI","A","2006",2.60452044965319,
"CAN","HHSAV","TOT","PC_HHDI","A","2007",2.1581494647404,
"CAN","HHSAV","TOT","PC_HHDI","A","2008",3.26205919965869,
"CAN","HHSAV","TOT","PC_HHDI","A","2009",4.5031150970842,
"CAN","HHSAV","TOT","PC_HHDI","A","2010",4.27044469601736,
"CAN","HHSAV","TOT","PC_HHDI","A","2011",4.15707512616379,
"CAN","HHSAV","TOT","PC_HHDI","A","2012",4.71976922883597,
"CAN","HHSAV","TOT","PC_HHDI","A","2013",4.74922869884537,
"CAN","HHSAV","TOT","PC_HHDI","A","2014",3.54275404454743,
"CAN","HHSAV","TOT","PC_HHDI","A","2015",4.07419603593089,
"CAN","HHSAV","TOT","PC_HHDI","A","2016",1.62140210921793,
"CAN","HHSAV","TOT","PC_HHDI","A","2017",1.85058795710116,
"CAN","HHSAV","TOT","PC_HHDI","A","2018",0.669514193501345,
"CAN","HHSAV","TOT","PC_HHDI","A","2019",2.01955181583508,
"CAN","HHSAV","TOT","PC_HHDI","A","2020",14.433298123714,
"CAN","HHSAV","TOT","PC_HHDI","A","2021",10.5753001088917,
"CHN","HHSAV","TOT","PC_HHDI","A","1992",33.6953192270066,
"CHN","HHSAV","TOT","PC_HHDI","A","1993",31.5114821943863,
"CHN","HHSAV","TOT","PC_HHDI","A","1994",33.4484801685735,
"CHN","HHSAV","TOT","PC_HHDI","A","1995",29.5961333118483,
"CHN","HHSAV","TOT","PC_HHDI","A","1996",30.8451882195519,
"CHN","HHSAV","TOT","PC_HHDI","A","1997",31.5018994689111,
"CHN","HHSAV","TOT","PC_HHDI","A","1998",31.659534002432,
"CHN","HHSAV","TOT","PC_HHDI","A","1999",28.7956289901079,
"CHN","HHSAV","TOT","PC_HHDI","A","2000",27.6404414859626,
"CHN","HHSAV","TOT","PC_HHDI","A","2001",27.588269585363,
"CHN","HHSAV","TOT","PC_HHDI","A","2002",27.1259639316716,
"CHN","HHSAV","TOT","PC_HHDI","A","2003",29.299761316689,
"CHN","HHSAV","TOT","PC_HHDI","A","2004",30.4835703744202,
"CHN","HHSAV","TOT","PC_HHDI","A","2005",30.8377554083243,
"CHN","HHSAV","TOT","PC_HHDI","A","2006",33.7883873358416,
"CHN","HHSAV","TOT","PC_HHDI","A","2007",35.4867545380255,
"CHN","HHSAV","TOT","PC_HHDI","A","2008",37.3724395638147,
"CHN","HHSAV","TOT","PC_HHDI","A","2009",37.6561122297932,
"CHN","HHSAV","TOT","PC_HHDI","A","2010",38.4840316162343,
"CHN","HHSAV","TOT","PC_HHDI","A","2011",38.0239840685368,
"CHN","HHSAV","TOT","PC_HHDI","A","2012",38.1910117594833,
"CHN","HHSAV","TOT","PC_HHDI","A","2013",37.8266350588103,
"CHN","HHSAV","TOT","PC_HHDI","A","2014",36.7714863978358,
"CHN","HHSAV","TOT","PC_HHDI","A","2015",35.7362151080324,
"CHN","HHSAV","TOT","PC_HHDI","A","2016",34.5669279442696,
"CHN","HHSAV","TOT","PC_HHDI","A","2017",34.4430353320143,
"CHN","HHSAV","TOT","PC_HHDI","A","2018",34.8198485039672,
"CHN","HHSAV","TOT","PC_HHDI","A","2019",34.7852810486557,
"LVA","HHSAV","TOT","PC_HHDI","A","1995",-39.7524041896788,
"LVA","HHSAV","TOT","PC_HHDI","A","1996",-33.6206766374835,
"LVA","HHSAV","TOT","PC_HHDI","A","1997",-15.8598645642204,
"LVA","HHSAV","TOT","PC_HHDI","A","1998",-18.7650975388052,
"LVA","HHSAV","TOT","PC_HHDI","A","1999",-20.3976332936095,
"LVA","HHSAV","TOT","PC_HHDI","A","2000",-9.7647553238859,
"LVA","HHSAV","TOT","PC_HHDI","A","2001",-9.95959619000911,
"LVA","HHSAV","TOT","PC_HHDI","A","2002",-9.34352165302891,
"LVA","HHSAV","TOT","PC_HHDI","A","2003",-7.76669680442859,
"LVA","HHSAV","TOT","PC_HHDI","A","2004",-6.19707268880942,
"LVA","HHSAV","TOT","PC_HHDI","A","2005",-5.18080281842862,
"LVA","HHSAV","TOT","PC_HHDI","A","2006",-9.29148003039822,
"LVA","HHSAV","TOT","PC_HHDI","A","2007",-9.8271523898871,
"LVA","HHSAV","TOT","PC_HHDI","A","2008",3.82538519182522,
"LVA","HHSAV","TOT","PC_HHDI","A","2009",6.46921363916195,
"LVA","HHSAV","TOT","PC_HHDI","A","2010",-1.81797794292877,
"LVA","HHSAV","TOT","PC_HHDI","A","2011",-9.79911637636465,
"LVA","HHSAV","TOT","PC_HHDI","A","2012",-10.5776650257128,
"LVA","HHSAV","TOT","PC_HHDI","A","2013",-14.6325025329281,
"LVA","HHSAV","TOT","PC_HHDI","A","2014",-8.8626164874579,
"LVA","HHSAV","TOT","PC_HHDI","A","2015",-4.74489076658403,
"LVA","HHSAV","TOT","PC_HHDI","A","2016",-3.33580399937519,
"LVA","HHSAV","TOT","PC_HHDI","A","2017",-3.51750287894078,
"LVA","HHSAV","TOT","PC_HHDI","A","2018",-2.04368084218178,
"LVA","HHSAV","TOT","PC_HHDI","A","2019",0.065536164556952,
"LVA","HHSAV","TOT","PC_HHDI","A","2020",9.08249545809492,
"CRI","HHSAV","TOT","PC_HHDI","A","2012",0.928948497921985,
"CRI","HHSAV","TOT","PC_HHDI","A","2013",1.60581298931198,
"CRI","HHSAV","TOT","PC_HHDI","A","2014",0.739921118518307,
"CRI","HHSAV","TOT","PC_HHDI","A","2015",1.7223990365087,
"CRI","HHSAV","TOT","PC_HHDI","A","2016",4.61257731128365,
"CRI","HHSAV","TOT","PC_HHDI","A","2017",4.65996373090292,
"LTU","HHSAV","TOT","PC_HHDI","A","2004",4.64570566525891,
"LTU","HHSAV","TOT","PC_HHDI","A","2005",-0.273625849480144,
"LTU","HHSAV","TOT","PC_HHDI","A","2006",0.932495136543253,
"LTU","HHSAV","TOT","PC_HHDI","A","2007",-8.81718452462337,
"LTU","HHSAV","TOT","PC_HHDI","A","2008",-4.66001542798121,
"LTU","HHSAV","TOT","PC_HHDI","A","2009",1.22068797257647,
"LTU","HHSAV","TOT","PC_HHDI","A","2010",4.33422439732162,
"LTU","HHSAV","TOT","PC_HHDI","A","2011",0.555531438352826,
"LTU","HHSAV","TOT","PC_HHDI","A","2012",-1.09547072039943,
"LTU","HHSAV","TOT","PC_HHDI","A","2013",-1.67399538785667,
"LTU","HHSAV","TOT","PC_HHDI","A","2014",-3.82032685611272,
"LTU","HHSAV","TOT","PC_HHDI","A","2015",-3.69244782392001,
"LTU","HHSAV","TOT","PC_HHDI","A","2016",-1.0975716027784,
"LTU","HHSAV","TOT","PC_HHDI","A","2017",-3.87218258912574,
"LTU","HHSAV","TOT","PC_HHDI","A","2018",-3.7355290777151,
"LTU","HHSAV","TOT","PC_HHDI","A","2019",-0.155515994374023,
"LTU","HHSAV","TOT","PC_HHDI","A","2020",9.00357030620648,
"COL","HHSAV","TOT","PC_HHDI","A","2005",7.83478565093933,
"COL","HHSAV","TOT","PC_HHDI","A","2006",8.74163368118028,
"COL","HHSAV","TOT","PC_HHDI","A","2007",9.41093609937252,
"COL","HHSAV","TOT","PC_HHDI","A","2008",8.40217574558329,
"COL","HHSAV","TOT","PC_HHDI","A","2009",8.48236545557292,
"COL","HHSAV","TOT","PC_HHDI","A","2010",7.95175357977772,
"COL","HHSAV","TOT","PC_HHDI","A","2011",7.4490475119061,
"COL","HHSAV","TOT","PC_HHDI","A","2012",7.7847567424077,
"COL","HHSAV","TOT","PC_HHDI","A","2013",8.4401460188724,
"COL","HHSAV","TOT","PC_HHDI","A","2014",8.60483028817313,
"COL","HHSAV","TOT","PC_HHDI","A","2015",8.23665657571263,
"COL","HHSAV","TOT","PC_HHDI","A","2016",8.52650128778636,
"COL","HHSAV","TOT","PC_HHDI","A","2017",8.67974426595869,
"COL","HHSAV","TOT","PC_HHDI","A","2018",8.65512173864032,
"COL","HHSAV","TOT","PC_HHDI","A","2019",7.49048518471754,
